"Activity Date","Process Date","Settle Date","Instrument","Description","Trans Code","Quantity","Price","Amount"
"11/3/2025","11/3/2025","11/4/2025","SPY","SPDR S&P 500 ETF
CUSIP: 78462F103
Dividend Reinvestment","Buy","0.295486","$682.67","($201.72)"
"11/3/2025","11/3/2025","11/4/2025","IBIT","iShares Bitcoin Trust ETF
CUSIP: 46438F101","Buy","1.191544","$61.26","($73.00)"
"11/3/2025","11/3/2025","11/4/2025","SPY","SPDR S&P 500 ETF
CUSIP: 78462F103","Buy","0.146526","$682.47","($100.00)"
"11/3/2025","11/3/2025","11/4/2025","IBIT","IBIT 11/7/2025 Call $64.00","STO","10","$0.30","$299.55"
"11/3/2025","11/3/2025","11/4/2025","IBIT","IBIT 11/7/2025 Put $46.00","BTO","4","$0.03","($12.16)"
"11/3/2025","11/3/2025","11/4/2025","IBIT","IBIT 11/7/2025 Put $58.50","STO","3","$0.33","$98.87"
"11/3/2025","11/3/2025","11/4/2025","IBIT","IBIT 11/7/2025 Put $46.00","BTO","3","$0.03","($9.12)"
"11/3/2025","11/3/2025","11/4/2025","IBIT","IBIT 11/7/2025 Put $58.50","STO","3","$0.33","$98.87"
"11/3/2025","11/3/2025","11/4/2025","IBIT","IBIT 11/7/2025 Put $58.50","STO","4","$0.33","$131.83"
"11/3/2025","11/3/2025","11/4/2025","IBIT","IBIT 11/7/2025 Put $46.00","BTO","3","$0.03","($9.12)"
"11/3/2025","11/3/2025","11/4/2025","SPY","SPY 12/19/2025 Put $641.00","BTO","3","$4.92","($1,476.12)"
"11/3/2025","11/3/2025","11/4/2025","SPY","SPY 12/19/2025 Call $714.00","STO","3","$3.87","$1,160.87"
"11/3/2025","11/3/2025","11/4/2025","SPY","SPY 12/19/2025 Put $646.00","STO","3","$5.51","$1,652.87"
"11/3/2025","11/3/2025","11/4/2025","SPY","SPY 12/19/2025 Call $719.00","BTO","3","$2.90","($870.12)"
"10/31/2025","10/31/2025","10/31/2025","","Interest Payment","INT","","","$0.18"
"10/31/2025","10/31/2025","10/31/2025","SPY","Cash Div: R/D 2025-09-19 P/D 2025-10-31 - 110.16271 shares at 1.831114","CDIV","","","$201.72"
"10/31/2025","10/31/2025","11/3/2025","SPY","SPY 11/21/2025 Put $634.00","STC","1","$1.09","$108.95"
"10/31/2025","10/31/2025","11/3/2025","SPY","SPY 11/21/2025 Put $639.00","BTC","1","$1.31","($131.04)"
"10/31/2025","10/31/2025","11/3/2025","SPY","SPY 11/21/2025 Put $645.00","BTC","1","$1.70","($170.04)"
"10/31/2025","10/31/2025","11/3/2025","SPY","SPY 11/21/2025 Put $640.00","STC","1","$1.40","$139.95"
"10/31/2025","10/31/2025","11/3/2025","IBIT","iShares Bitcoin Trust ETF
CUSIP: 46438F101","Buy","1.171937","$62.29","($73.00)"
"10/31/2025","10/31/2025","11/3/2025","SPY","SPDR S&P 500 ETF
CUSIP: 78462F103","Buy","0.146256","$683.73","($100.00)"
"10/30/2025","10/30/2025","10/31/2025","IBIT","iShares Bitcoin Trust ETF
CUSIP: 46438F101","Buy","1.188247","$61.44","($73.00)"
"10/30/2025","10/30/2025","10/31/2025","SPY","SPDR S&P 500 ETF
CUSIP: 78462F103","Buy","0.146381","$683.15","($100.00)"
"10/29/2025","10/29/2025","10/30/2025","SPY","SPDR S&P 500 ETF
CUSIP: 78462F103","Buy","0.145129","$689.04","($100.00)"
"10/29/2025","10/29/2025","10/30/2025","IBIT","iShares Bitcoin Trust ETF
CUSIP: 46438F101","Buy","1.137869","$64.16","($73.00)"
"10/28/2025","10/28/2025","10/29/2025","IBIT","iShares Bitcoin Trust ETF
CUSIP: 46438F101","Buy","1.107654","$65.90","($73.00)"
"10/28/2025","10/28/2025","10/29/2025","SPY","SPDR S&P 500 ETF
CUSIP: 78462F103","Buy","0.145823","$685.76","($100.00)"
"10/28/2025","10/28/2025","10/28/2025","","Gold Subscription Fee","GOLD","","","($5.00)"
"10/27/2025","10/27/2025","10/28/2025","IBIT","IBIT 11/21/2025 Call $66.00","STO","8","$2.86","$2,287.64"
"10/27/2025","10/27/2025","10/28/2025","IBIT","IBIT 11/7/2025 Call $64.50","BTC","9","$2.59","($2,331.38)"
"10/27/2025","10/27/2025","10/28/2025","IBIT","IBIT 11/7/2025 Call $64.50","BTC","8","$2.59","($2,072.34)"
"10/27/2025","10/27/2025","10/28/2025","IBIT","IBIT 11/21/2025 Call $66.00","STO","9","$2.86","$2,573.59"
"10/27/2025","10/27/2025","10/28/2025","SPY","SPDR S&P 500 ETF
CUSIP: 78462F103","Buy","0.146508","$682.56","($100.00)"
"10/27/2025","10/27/2025","10/28/2025","IBIT","iShares Bitcoin Trust ETF
CUSIP: 46438F101","Buy","1.122472","$65.04","($73.00)"
"10/24/2025","10/24/2025","10/27/2025","IBIT","Option Expiration for IBIT 10/24/2025 Put $58.00","OEXP","7","",""
"10/24/2025","10/24/2025","10/27/2025","IBIT","iShares Bitcoin Trust ETF
CUSIP: 46438F101","Buy","0.159006","$62.98","($10.01)"
"10/24/2025","10/24/2025","10/27/2025","IBIT","iShares Bitcoin Trust ETF
CUSIP: 46438F101","Buy","1","$62.98","($62.99)"
"10/24/2025","10/24/2025","10/27/2025","SPY","SPDR S&P 500 ETF
CUSIP: 78462F103","Buy","0.147685","$677.12","($100.00)"
"10/23/2025","10/23/2025","10/24/2025","IBIT","iShares Bitcoin Trust ETF
CUSIP: 46438F101","Buy","0.174577","$62.15","($10.85)"
"10/23/2025","10/23/2025","10/24/2025","IBIT","iShares Bitcoin Trust ETF
CUSIP: 46438F101","Buy","1","$62.15","($62.15)"
"10/23/2025","10/23/2025","10/24/2025","SPY","SPDR S&P 500 ETF
CUSIP: 78462F103","Buy","0.149151","$670.46","($100.00)"
"10/22/2025","10/22/2025","10/23/2025","IBIT","iShares Bitcoin Trust ETF
CUSIP: 46438F101","Buy","1.200616","$61.64","($74.00)"
"10/22/2025","10/22/2025","10/23/2025","SPY","SPDR S&P 500 ETF
CUSIP: 78462F103","Buy","0.148962","$671.31","($100.00)"
"10/21/2025","10/21/2025","10/22/2025","SPY","SPY 11/21/2025 Put $640.00","BTO","1","$3.73","($373.04)"
"10/21/2025","10/21/2025","10/22/2025","SPY","SPY 11/21/2025 Put $645.00","STO","1","$4.30","$429.95"
"10/21/2025","10/21/2025","10/22/2025","IBIT","iShares Bitcoin Trust ETF
CUSIP: 46438F101","Buy","1.183048","$61.70","($73.00)"
"10/21/2025","10/21/2025","10/22/2025","SPY","SPDR S&P 500 ETF
CUSIP: 78462F103","Buy","0.148898","$671.60","($100.00)"
"10/20/2025","10/20/2025","10/21/2025","IBIT","iShares Bitcoin Trust ETF
CUSIP: 46438F101","Buy","1.156618","$63.12","($73.00)"
"10/20/2025","10/20/2025","10/21/2025","SPY","SPDR S&P 500 ETF
CUSIP: 78462F103","Buy","0.14941","$669.30","($100.00)"
"10/20/2025","10/20/2025","10/21/2025","SPY","SPY 11/21/2025 Put $639.00","STO","1","$4.71","$470.95"
"10/20/2025","10/20/2025","10/21/2025","SPY","SPY 11/21/2025 Put $634.00","BTO","1","$4.13","($413.04)"
"10/20/2025","10/20/2025","10/21/2025","IBIT","IBIT 11/7/2025 Call $64.50","STO","17","$2.03","$3,450.23"
"10/20/2025","10/20/2025","10/21/2025","IBIT","IBIT 10/24/2025 Call $62.50","BTC","17","$1.57","($2,669.72)"
"10/17/2025","10/17/2025","10/20/2025","SPY","Option Expiration for SPY 10/17/2025 Put $652.00","OEXP","1","",""
"10/17/2025","10/17/2025","10/20/2025","IBIT","Option Expiration for IBIT 10/17/2025 Call $68.00","OEXP","10","",""
"10/17/2025","10/17/2025","10/20/2025","IBIT","Option Expiration for IBIT 10/17/2025 Put $45.00","OEXP","17S","",""
"10/17/2025","10/17/2025","10/20/2025","SPY","Option Expiration for SPY 10/17/2025 Put $633.00","OEXP","1S","",""
"10/17/2025","10/17/2025","10/20/2025","IBIT","Option Expiration for IBIT 10/17/2025 Put $40.00","OEXP","17S","",""
"10/17/2025","10/17/2025","10/20/2025","IBIT","iShares Bitcoin Trust ETF
CUSIP: 46438F101","Buy","1.213935","$60.14","($73.00)"
"10/17/2025","10/17/2025","10/20/2025","SPY","SPDR S&P 500 ETF
CUSIP: 78462F103","Buy","0.151176","$661.48","($100.00)"
"10/17/2025","10/17/2025","10/20/2025","IBIT","IBIT 10/24/2025 Put $58.00","STO","3","$1.01","$302.87"
"10/17/2025","10/17/2025","10/20/2025","IBIT","IBIT 10/17/2025 Put $60.50","BTC","4","$0.67","($268.16)"
"10/17/2025","10/17/2025","10/20/2025","IBIT","IBIT 10/17/2025 Put $60.50","BTC","3","$0.67","($201.12)"
"10/17/2025","10/17/2025","10/20/2025","IBIT","IBIT 10/24/2025 Put $58.00","STO","4","$1.01","$403.83"
"10/17/2025","10/17/2025","10/20/2025","SPY","SPY 10/17/2025 Put $633.00","BTO","1","$0.03","($3.04)"
"10/17/2025","10/17/2025","10/20/2025","SGOV","iShares 0-3 Month Treasury Bond
CUSIP: 46436E718","Sell","49.72655","$100.56","$5,000.50"
"10/17/2025","10/17/2025","10/20/2025","IBIT","IBIT 11/21/2025 Put $18.00","BTO","4","$0.04","($16.16)"
"10/17/2025","10/17/2025","10/20/2025","IBIT","IBIT 11/21/2025 Put $18.00","BTO","5","$0.04","($20.21)"
"10/17/2025","10/17/2025","10/20/2025","IBIT","IBIT 11/21/2025 Put $18.00","BTO","1","$0.03","($3.04)"
"10/17/2025","10/17/2025","10/20/2025","IBIT","IBIT 10/31/2025 Call $66.00","BTC","17","$0.53","($901.72)"
"10/17/2025","10/17/2025","10/20/2025","IBIT","IBIT 10/24/2025 Call $62.50","STO","17","$0.70","$1,189.23"
"10/17/2025","10/17/2025","10/20/2025","IBIT","IBIT 10/17/2025 Put $62.50","BTC","10","$2.81","($2,810.42)"
"10/17/2025","10/17/2025","10/20/2025","IBIT","IBIT 11/21/2025 Put $59.00","STO","10","$3.37","$3,369.55"
"10/17/2025","10/17/2025","10/20/2025","IBIT","iShares Bitcoin Trust ETF
CUSIP: 46438F101","Sell","426","$59.82","$25,483.80"
"10/17/2025","10/17/2025","10/20/2025","IBIT","iShares Bitcoin Trust ETF
CUSIP: 46438F101","Sell","24","$59.82","$1,435.71"
"10/17/2025","10/17/2025","10/20/2025","IBIT","iShares Bitcoin Trust ETF
CUSIP: 46438F101","Sell","450","$60.06","$27,029.18"
"10/17/2025","10/17/2025","10/20/2025","IBIT","IBIT 10/17/2025 Put $65.50","BTC","8","$5.62","($4,496.34)"
"10/17/2025","10/17/2025","10/20/2025","IBIT","IBIT 2/20/2026 Put $59.00","STO","8","$6.67","$5,335.64"
"10/16/2025","10/16/2025","10/17/2025","IBIT","IBIT 10/17/2025 Put $65.50","OASGN","9","",""
"10/16/2025","10/16/2025","10/17/2025","IBIT","iShares Bitcoin Trust ETF
CUSIP: 46438F101
9 IBIT Options Assigned","Buy","900","$65.50","($58,950.00)"
"10/16/2025","10/16/2025","10/17/2025","IBIT","IBIT 11/7/2025 Call $70.00","BTC","17","$0.71","($1,207.72)"
"10/16/2025","10/16/2025","10/17/2025","IBIT","IBIT 10/31/2025 Call $66.00","STO","17","$1.07","$1,818.23"
"10/16/2025","10/16/2025","10/17/2025","IBIT","iShares Bitcoin Trust ETF
CUSIP: 46438F101","Buy","0.161704","$62.84","($10.16)"
"10/16/2025","10/16/2025","10/17/2025","IBIT","iShares Bitcoin Trust ETF
CUSIP: 46438F101","Buy","1","$62.84","($62.84)"
"10/16/2025","10/16/2025","10/17/2025","SPY","SPDR S&P 500 ETF
CUSIP: 78462F103","Buy","0.150028","$666.54","($100.00)"
"10/15/2025","10/15/2025","10/16/2025","IBIT","IBIT 10/17/2025 Put $45.00","BTO","5","$0.02","($10.21)"
"10/15/2025","10/15/2025","10/16/2025","IBIT","IBIT 10/17/2025 Put $45.00","BTO","1","$0.02","($2.04)"
"10/15/2025","10/15/2025","10/16/2025","IBIT","IBIT 10/17/2025 Put $45.00","BTO","1","$0.02","($2.04)"
"10/15/2025","10/15/2025","10/16/2025","IBIT","IBIT 10/17/2025 Put $60.50","STO","2","$0.31","$61.91"
"10/15/2025","10/15/2025","10/16/2025","IBIT","IBIT 10/17/2025 Put $60.50","STO","3","$0.31","$92.87"
"10/15/2025","10/15/2025","10/16/2025","IBIT","IBIT 10/17/2025 Put $60.50","STO","2","$0.31","$61.91"
"10/15/2025","10/15/2025","10/16/2025","SPY","SPDR S&P 500 ETF
CUSIP: 78462F103","Buy","0.150028","$666.54","($100.00)"
"10/15/2025","10/15/2025","10/16/2025","IBIT","iShares Bitcoin Trust ETF
CUSIP: 46438F101","Buy","0.159123","$62.98","($10.02)"
"10/15/2025","10/15/2025","10/16/2025","IBIT","iShares Bitcoin Trust ETF
CUSIP: 46438F101","Buy","1","$62.98","($62.98)"
"10/14/2025","10/14/2025","10/15/2025","IBIT","iShares Bitcoin Trust ETF
CUSIP: 46438F101","Buy","0.459301","$63.14","($29.00)"
"10/14/2025","10/14/2025","10/15/2025","IBIT","iShares Bitcoin Trust ETF
CUSIP: 46438F101","Buy","0.698419","$63.00","($44.00)"
"10/14/2025","10/14/2025","10/15/2025","SPY","SPDR S&P 500 ETF
CUSIP: 78462F103","Buy","0.153015","$653.53","($100.00)"
"10/13/2025","10/13/2025","10/14/2025","SGOV","iShares 0-3 Month Treasury Bond
CUSIP: 46436E718","Buy","0.949605","$100.51","($95.44)"
"10/13/2025","10/13/2025","10/14/2025","SGOV","iShares 0-3 Month Treasury Bond
CUSIP: 46436E718","Buy","9","$100.51","($904.56)"
"10/13/2025","10/13/2025","10/14/2025","IBIT","IBIT 10/17/2025 Call $68.00","STO","10","$0.32","$319.55"
"10/13/2025","10/13/2025","10/14/2025","IBIT","IBIT 10/17/2025 Put $45.00","BTO","10","$0.02","($20.42)"
"10/13/2025","10/13/2025","10/14/2025","IBIT","IBIT 10/17/2025 Put $62.50","STO","5","$0.40","$199.78"
"10/13/2025","10/13/2025","10/14/2025","IBIT","IBIT 10/17/2025 Put $62.50","STO","5","$0.40","$199.78"
"10/13/2025","10/13/2025","10/14/2025","IBIT","iShares Bitcoin Trust ETF
CUSIP: 46438F101","Buy","1.118002","$65.30","($73.00)"
"10/13/2025","10/13/2025","10/14/2025","SPY","SPDR S&P 500 ETF
CUSIP: 78462F103","Buy","0.151231","$661.24","($100.00)"
"10/10/2025","10/10/2025","10/13/2025","IBIT","Option Expiration for IBIT 10/10/2025 Call $75.00","OEXP","17","",""
"10/10/2025","10/10/2025","10/13/2025","IBIT","Option Expiration for IBIT 10/10/2025 Put $50.00","OEXP","17S","",""
"10/10/2025","10/10/2025","10/14/2025","IBIT","IBIT 10/17/2025 Put $40.00","BTO","17","$0.02","($34.72)"
"10/10/2025","10/10/2025","10/14/2025","IBIT","IBIT 10/10/2025 Put $67.50","BTC","12","$0.64","($768.51)"
"10/10/2025","10/10/2025","10/14/2025","IBIT","IBIT 10/10/2025 Put $67.50","BTC","5","$0.64","($320.21)"
"10/10/2025","10/10/2025","10/14/2025","IBIT","IBIT 10/17/2025 Put $65.50","STO","12","$0.96","$1,151.46"
"10/10/2025","10/10/2025","10/14/2025","IBIT","IBIT 10/17/2025 Put $65.50","STO","5","$0.96","$479.78"
"10/10/2025","10/10/2025","10/14/2025","SPY","SPY 10/10/2025 Put $662.00","BTC","1","$3.89","($389.04)"
"10/10/2025","10/10/2025","10/14/2025","SPY","SPY 10/17/2025 Put $652.00","STO","1","$4.54","$453.95"
"10/10/2025","10/10/2025","10/14/2025","IBIT","iShares Bitcoin Trust ETF
CUSIP: 46438F101","Buy","0.632036","$69.62","($44.00)"
"10/10/2025","10/10/2025","10/14/2025","SPY","SPDR S&P 500 ETF
CUSIP: 78462F103","Buy","0.191577","$673.36","($129.00)"
"10/9/2025","10/9/2025","10/10/2025","IBIT","iShares Bitcoin Trust ETF
CUSIP: 46438F101","Buy","0.632642","$69.55","($44.00)"
"10/9/2025","10/9/2025","10/10/2025","SPY","SPDR S&P 500 ETF
CUSIP: 78462F103","Buy","0.191979","$671.95","($129.00)"
"10/8/2025","10/8/2025","10/9/2025","IBIT","iShares Bitcoin Trust ETF
CUSIP: 46438F101","Buy","0.634557","$69.34","($44.00)"
"10/8/2025","10/8/2025","10/9/2025","SPY","SPDR S&P 500 ETF
CUSIP: 78462F103","Buy","0.192604","$669.76","($129.00)"
"10/7/2025","10/7/2025","10/8/2025","SGOV","iShares 0-3 Month Treasury Bond
CUSIP: 46436E718
Dividend Reinvestment","Buy","1.654022","$100.44","($166.13)"
"10/7/2025","10/7/2025","10/8/2025","SPY","SPDR S&P 500 ETF
CUSIP: 78462F103","Buy","0.191773","$672.67","($129.00)"
"10/7/2025","10/7/2025","10/8/2025","IBIT","iShares Bitcoin Trust ETF
CUSIP: 46438F101","Buy","0.62466","$70.44","($44.00)"
"10/6/2025","10/6/2025","10/6/2025","SGOV","Cash Div: R/D 2025-10-01 P/D 2025-10-06 - 479.248792 shares at 0.346643","CDIV","","","$166.13"
"10/6/2025","10/6/2025","10/6/2025","IBIT","Stock Lending","SLIP","","","$0.01"
"10/6/2025","10/6/2025","10/7/2025","SPY","SPY 10/10/2025 Put $662.00","STO","1","$1.20","$119.95"
"10/6/2025","10/6/2025","10/7/2025","IBIT","IBIT 10/10/2025 Put $50.00","BTO","5","$0.03","($15.21)"
"10/6/2025","10/6/2025","10/7/2025","IBIT","IBIT 10/10/2025 Put $50.00","BTO","12","$0.03","($36.51)"
"10/6/2025","10/6/2025","10/7/2025","IBIT","IBIT 10/10/2025 Put $67.50","STO","17","$0.33","$560.23"
"10/6/2025","10/6/2025","10/7/2025","IBIT","IBIT 10/10/2025 Call $75.00","STO","17","$0.26","$441.23"
"10/6/2025","10/6/2025","10/7/2025","IBIT","iShares Bitcoin Trust ETF
CUSIP: 46438F101","Buy","0.621512","$70.80","($44.00)"
"10/6/2025","10/6/2025","10/7/2025","SPY","SPDR S&P 500 ETF
CUSIP: 78462F103","Buy","0.192469","$670.24","($129.00)"
"10/3/2025","10/3/2025","10/6/2025","IBIT","Option Expiration for IBIT 10/3/2025 Put $60.50","OEXP","17","",""
"10/3/2025","10/3/2025","10/6/2025","SPY","Option Expiration for SPY 10/3/2025 Put $655.00","OEXP","1","",""
"10/3/2025","10/3/2025","10/6/2025","IBIT","Option Expiration for IBIT 10/3/2025 Put $48.00","OEXP","17S","",""
"10/3/2025","10/3/2025","10/6/2025","IBIT","IBIT 10/3/2025 Call $66.50","BTC","17","$3.17","($5,389.72)"
"10/3/2025","10/3/2025","10/6/2025","IBIT","IBIT 11/7/2025 Call $70.00","STO","17","$3.50","$5,949.23"
"10/3/2025","10/3/2025","10/6/2025","IBIT","iShares Bitcoin Trust ETF
CUSIP: 46438F101","Buy","0.642154","$68.52","($44.00)"
"10/3/2025","10/3/2025","10/6/2025","SPY","SPDR S&P 500 ETF
CUSIP: 78462F103","Buy","0.192218","$671.11","($129.00)"
"10/2/2025","10/2/2025","10/3/2025","IBIT","iShares Bitcoin Trust ETF
CUSIP: 46438F101","Buy","0.074177","$67.96","($5.04)"
"10/2/2025","10/2/2025","10/3/2025","IBIT","iShares Bitcoin Trust ETF
CUSIP: 46438F101","Buy","1","$67.96","($67.96)"
"10/2/2025","10/2/2025","10/3/2025","SPY","SPDR S&P 500 ETF
CUSIP: 78462F103","Buy","0.149448","$669.13","($100.00)"
"10/1/2025","10/1/2025","10/2/2025","IBIT","iShares Bitcoin Trust ETF
CUSIP: 46438F101","Buy","1.101388","$66.28","($73.00)"
"10/1/2025","10/1/2025","10/2/2025","SPY","SPDR S&P 500 ETF
CUSIP: 78462F103","Buy","0.150654","$663.77","($100.00)"
"9/30/2025","9/30/2025","9/30/2025","","Interest Payment","INT","","","$13.38"
"9/30/2025","9/30/2025","10/1/2025","SPY","SPY 10/3/2025 Put $655.00","STO","1","$0.96","$95.95"
"9/30/2025","9/30/2025","10/1/2025","SPY","SPDR S&P 500 ETF
CUSIP: 78462F103","Buy","0.150939","$662.52","($100.00)"
"9/30/2025","9/30/2025","10/1/2025","IBIT","iShares Bitcoin Trust ETF
CUSIP: 46438F101","Buy","0.132748","$64.44","($8.55)"
"9/30/2025","9/30/2025","10/1/2025","IBIT","iShares Bitcoin Trust ETF
CUSIP: 46438F101","Buy","1","$64.44","($64.45)"
"9/29/2025","9/29/2025","9/30/2025","IBIT","IBIT 10/3/2025 Call $66.50","STO","16","$0.28","$447.28"
"9/29/2025","9/29/2025","9/30/2025","IBIT","IBIT 10/3/2025 Call $66.50","STO","1","$0.28","$27.95"
"9/29/2025","9/29/2025","9/30/2025","IBIT","iShares Bitcoin Trust ETF
CUSIP: 46438F101","Buy","0.129174","$64.65","($8.35)"
"9/29/2025","9/29/2025","9/30/2025","IBIT","iShares Bitcoin Trust ETF
CUSIP: 46438F101","Buy","1","$64.65","($64.65)"
"9/29/2025","9/29/2025","9/30/2025","SPY","SPDR S&P 500 ETF
CUSIP: 78462F103","Buy","0.150818","$663.05","($100.00)"
"9/29/2025","9/29/2025","9/29/2025","","Gold Subscription Fee","GOLD","","","($5.00)"
"9/26/2025","9/26/2025","9/29/2025","SPY","Option Expiration for SPY 9/26/2025 Put $657.00","OEXP","1","",""
"9/26/2025","9/26/2025","9/29/2025","IBIT","Option Expiration for IBIT 9/26/2025 Call $66.00","OEXP","17","",""
"9/26/2025","9/26/2025","9/29/2025","IBIT","Option Expiration for IBIT 9/26/2025 Put $54.00","OEXP","17S","",""
"9/26/2025","9/26/2025","9/29/2025","IBIT","IBIT 10/3/2025 Put $48.00","BTO","10","$0.03","($30.42)"
"9/26/2025","9/26/2025","9/29/2025","IBIT","IBIT 10/3/2025 Put $48.00","BTO","7","$0.03","($21.30)"
"9/26/2025","9/26/2025","9/29/2025","IBIT","IBIT 10/3/2025 Put $60.50","STO","5","$0.52","$259.78"
"9/26/2025","9/26/2025","9/29/2025","IBIT","IBIT 10/3/2025 Put $60.50","STO","5","$0.52","$259.78"
"9/26/2025","9/26/2025","9/29/2025","IBIT","IBIT 9/26/2025 Put $62.50","BTC","1","$0.20","($20.04)"
"9/26/2025","9/26/2025","9/29/2025","IBIT","IBIT 10/3/2025 Put $60.50","STO","6","$0.52","$311.73"
"9/26/2025","9/26/2025","9/29/2025","IBIT","IBIT 9/26/2025 Put $62.50","BTC","5","$0.20","($100.21)"
"9/26/2025","9/26/2025","9/29/2025","IBIT","IBIT 10/3/2025 Put $60.50","STO","1","$0.52","$51.95"
"9/26/2025","9/26/2025","9/29/2025","IBIT","IBIT 9/26/2025 Put $62.50","BTC","5","$0.20","($100.21)"
"9/26/2025","9/26/2025","9/29/2025","IBIT","IBIT 9/26/2025 Put $62.50","BTC","6","$0.20","($120.25)"
"9/26/2025","9/26/2025","9/29/2025","IBIT","iShares Bitcoin Trust ETF
CUSIP: 46438F101","Buy","1.179226","$61.90","($73.00)"
"9/26/2025","9/26/2025","9/29/2025","SPY","SPDR S&P 500 ETF
CUSIP: 78462F103","Buy","0.151821","$658.67","($100.00)"
"9/25/2025","9/25/2025","9/26/2025","SGOV","iShares 0-3 Month Treasury Bond
CUSIP: 46436E718","Buy","19.868865","$100.66","($2,000.00)"
"9/25/2025","9/25/2025","9/26/2025","IBIT","iShares Bitcoin Trust ETF
CUSIP: 46438F101","Buy","0.15185","$63.38","($9.62)"
"9/25/2025","9/25/2025","9/26/2025","IBIT","iShares Bitcoin Trust ETF
CUSIP: 46438F101","Buy","1","$63.38","($63.38)"
"9/25/2025","9/25/2025","9/26/2025","SPY","SPDR S&P 500 ETF
CUSIP: 78462F103","Buy","0.151775","$658.87","($100.00)"
"9/24/2025","9/24/2025","9/25/2025","IBIT","iShares Bitcoin Trust ETF
CUSIP: 46438F101","Buy","0.136029","$64.26","($8.74)"
"9/24/2025","9/24/2025","9/25/2025","IBIT","iShares Bitcoin Trust ETF
CUSIP: 46438F101","Buy","1","$64.26","($64.26)"
"9/24/2025","9/24/2025","9/25/2025","SPY","SPDR S&P 500 ETF
CUSIP: 78462F103","Buy","0.150697","$663.58","($100.00)"
"9/23/2025","9/23/2025","9/24/2025","IBIT","iShares Bitcoin Trust ETF
CUSIP: 46438F101","Buy","1.138934","$64.10","($73.00)"
"9/23/2025","9/23/2025","9/24/2025","SPY","SPDR S&P 500 ETF
CUSIP: 78462F103","Buy","0.150269","$665.47","($100.00)"
"9/22/2025","9/22/2025","9/23/2025","SPY","SPY 9/26/2025 Put $657.00","STO","1","$1.05","$104.95"
"9/22/2025","9/22/2025","9/23/2025","IBIT","IBIT 9/26/2025 Call $66.00","STO","17","$0.24","$407.23"
"9/22/2025","9/22/2025","9/23/2025","IBIT","IBIT 9/26/2025 Put $62.50","STO","5","$0.33","$164.78"
"9/22/2025","9/22/2025","9/23/2025","IBIT","IBIT 9/26/2025 Put $62.50","STO","12","$0.33","$395.46"
"9/22/2025","9/22/2025","9/23/2025","IBIT","IBIT 9/26/2025 Put $54.00","BTO","17","$0.03","($51.72)"
"9/22/2025","9/22/2025","9/23/2025","IBIT","iShares Bitcoin Trust ETF
CUSIP: 46438F101","Buy","1.135479","$64.29","($73.00)"
"9/22/2025","9/22/2025","9/23/2025","SPY","SPDR S&P 500 ETF
CUSIP: 78462F103","Buy","0.150741","$663.39","($100.00)"
"9/19/2025","9/19/2025","9/22/2025","IBIT","Option Expiration for IBIT 9/19/2025 Put $63.50","OEXP","17","",""
"9/19/2025","9/19/2025","9/22/2025","IBIT","Option Expiration for IBIT 9/19/2025 Call $68.00","OEXP","1","",""
"9/19/2025","9/19/2025","9/22/2025","SPY","Option Expiration for SPY 9/19/2025 Put $651.00","OEXP","1","",""
"9/19/2025","9/19/2025","9/22/2025","IBIT","Option Expiration for IBIT 9/19/2025 Call $67.50","OEXP","17","",""
"9/19/2025","9/19/2025","9/22/2025","IBIT","Option Expiration for IBIT 9/19/2025 Put $53.00","OEXP","17S","",""
"9/19/2025","9/19/2025","9/22/2025","SPY","SPDR S&P 500 ETF
CUSIP: 78462F103","Buy","0.151042","$662.06","($100.00)"
"9/19/2025","9/19/2025","9/22/2025","IBIT","iShares Bitcoin Trust ETF
CUSIP: 46438F101","Buy","0.10447","$66.10","($6.90)"
"9/19/2025","9/19/2025","9/22/2025","IBIT","iShares Bitcoin Trust ETF
CUSIP: 46438F101","Buy","1","$66.10","($66.10)"
"9/18/2025","9/18/2025","9/19/2025","IBIT","iShares Bitcoin Trust ETF
CUSIP: 46438F101","Buy","1.091017","$66.91","($73.00)"
"9/18/2025","9/18/2025","9/19/2025","SPY","SPDR S&P 500 ETF
CUSIP: 78462F103","Buy","0.150507","$664.42","($100.00)"
"9/17/2025","9/17/2025","9/18/2025","SPY","SPDR S&P 500 ETF
CUSIP: 78462F103","Buy","0.151681","$659.28","($100.00)"
"9/17/2025","9/17/2025","9/18/2025","IBIT","iShares Bitcoin Trust ETF
CUSIP: 46438F101","Buy","1","$65.80","($65.80)"
"9/17/2025","9/17/2025","9/18/2025","IBIT","iShares Bitcoin Trust ETF
CUSIP: 46438F101","Buy","0.109468","$65.80","($7.20)"
"9/16/2025","9/16/2025","9/17/2025","IBIT","iShares Bitcoin Trust ETF
CUSIP: 46438F101","Buy","0.115936","$65.42","($7.58)"
"9/16/2025","9/16/2025","9/17/2025","IBIT","iShares Bitcoin Trust ETF
CUSIP: 46438F101","Buy","1","$65.42","($65.42)"
"9/16/2025","9/16/2025","9/17/2025","SPY","SPDR S&P 500 ETF
CUSIP: 78462F103","Buy","0.15161","$659.58","($100.00)"
"9/15/2025","9/15/2025","9/16/2025","IBIT","IBIT 9/19/2025 Put $63.50","STO","1","$0.34","$33.95"
"9/15/2025","9/15/2025","9/16/2025","IBIT","IBIT 9/19/2025 Put $63.50","STO","1","$0.34","$33.95"
"9/15/2025","9/15/2025","9/16/2025","IBIT","IBIT 9/19/2025 Put $63.50","STO","15","$0.33","$494.33"
"9/15/2025","9/15/2025","9/16/2025","IBIT","IBIT 9/19/2025 Put $53.00","BTO","12","$0.03","($36.51)"
"9/15/2025","9/15/2025","9/16/2025","IBIT","IBIT 9/19/2025 Put $53.00","BTO","5","$0.04","($20.21)"
"9/15/2025","9/15/2025","9/16/2025","IBIT","IBIT 9/19/2025 Call $67.50","STO","1","$0.27","$26.95"
"9/15/2025","9/15/2025","9/16/2025","IBIT","IBIT 9/19/2025 Call $67.50","STO","1","$0.27","$26.95"
"9/15/2025","9/15/2025","9/16/2025","IBIT","IBIT 9/19/2025 Call $67.50","STO","6","$0.27","$161.73"
"9/15/2025","9/15/2025","9/16/2025","IBIT","IBIT 9/19/2025 Call $67.50","STO","1","$0.27","$26.95"
"9/15/2025","9/15/2025","9/16/2025","IBIT","IBIT 9/19/2025 Call $67.50","STO","1","$0.27","$26.95"
"9/15/2025","9/15/2025","9/16/2025","IBIT","IBIT 9/19/2025 Call $67.50","STO","1","$0.27","$26.95"
"9/15/2025","9/15/2025","9/16/2025","IBIT","IBIT 9/19/2025 Call $67.50","STO","1","$0.27","$26.95"
"9/15/2025","9/15/2025","9/16/2025","IBIT","IBIT 9/19/2025 Call $67.50","STO","1","$0.27","$26.95"
"9/15/2025","9/15/2025","9/16/2025","IBIT","IBIT 9/19/2025 Call $67.50","STO","1","$0.27","$26.95"
"9/15/2025","9/15/2025","9/16/2025","IBIT","IBIT 9/19/2025 Call $67.50","STO","2","$0.27","$53.91"
"9/15/2025","9/15/2025","9/16/2025","IBIT","IBIT 9/19/2025 Call $67.50","STO","1","$0.27","$26.95"
"9/15/2025","9/15/2025","9/16/2025","SPY","SPY 9/19/2025 Put $651.00","STO","1","$1.43","$142.95"
"9/15/2025","9/15/2025","9/16/2025","SPY","SPDR S&P 500 ETF
CUSIP: 78462F103","Buy","0.133188","$660.72","($88.00)"
"9/15/2025","9/15/2025","9/16/2025","IBIT","iShares Bitcoin Trust ETF
CUSIP: 46438F101","Buy","0.118002","$65.30","($7.70)"
"9/15/2025","9/15/2025","9/16/2025","IBIT","iShares Bitcoin Trust ETF
CUSIP: 46438F101","Buy","1","$65.30","($65.30)"
"9/15/2025","9/15/2025","9/16/2025","IBIT","iShares Bitcoin Trust ETF
CUSIP: 46438F101","Buy","417","$65.36","($27,255.13)"
"9/15/2025","9/15/2025","9/16/2025","IBIT","iShares Bitcoin Trust ETF
CUSIP: 46438F101","Buy","100","$65.30","($6,530.50)"
"9/15/2025","9/15/2025","9/16/2025","IBIT","iShares Bitcoin Trust ETF
CUSIP: 46438F101","Buy","200","$65.30","($13,061.00)"
"9/15/2025","9/15/2025","9/16/2025","IBIT","iShares Bitcoin Trust ETF
CUSIP: 46438F101","Buy","100","$65.30","($6,530.50)"
"9/15/2025","9/15/2025","9/16/2025","IBIT","iShares Bitcoin Trust ETF
CUSIP: 46438F101","Buy","100","$65.30","($6,530.50)"
"9/15/2025","9/15/2025","9/16/2025","IBIT","iShares Bitcoin Trust ETF
CUSIP: 46438F101","Buy","500","$65.29","($32,645.01)"
"9/15/2025","9/15/2025","9/16/2025","IBIT","iShares Bitcoin Trust ETF
CUSIP: 46438F101","Buy","177","$65.29","($11,556.29)"
"9/15/2025","9/15/2025","9/16/2025","IBIT","iShares Bitcoin Trust ETF
CUSIP: 46438F101","Buy","23","$65.28","($1,501.44)"
"9/15/2025","9/15/2025","9/16/2025","IBIT","iShares Bitcoin Trust ETF
CUSIP: 46438F101","Buy","100","$65.29","($6,529.00)"
"9/15/2025","9/15/2025","9/16/2025","IBIT","iShares Bitcoin Trust ETF
CUSIP: 46438F101","Buy","1","$65.29","($65.29)"
"9/12/2025","9/12/2025","9/15/2025","IBIT","Option Expiration for IBIT 9/12/2025 Put $62.00","OEXP","17","",""
"9/12/2025","9/12/2025","9/15/2025","IBIT","IBIT 9/12/2025 Call $66.00","OASGN","17","",""
"9/12/2025","9/12/2025","9/15/2025","IBIT","iShares Bitcoin Trust ETF
CUSIP: 46438F101
17 IBIT Options Assigned","Sell","1700","$66.00","$112,199.72"
"9/12/2025","9/12/2025","9/15/2025","SPY","Option Expiration for SPY 9/12/2025 Put $642.00","OEXP","1","",""
"9/12/2025","9/12/2025","9/15/2025","IBIT","Option Expiration for IBIT 9/12/2025 Put $56.00","OEXP","17S","",""
"9/12/2025","9/12/2025","9/15/2025","SPY","SPY 6/18/2026 Call $660.00","STO","1","$42.90","$4,289.95"
"9/12/2025","9/12/2025","9/15/2025","SPY","SPY 9/12/2025 Call $624.00","BTC","1","$33.22","($3,322.04)"
"9/12/2025","9/12/2025","9/15/2025","IBIT","iShares Bitcoin Trust ETF
CUSIP: 46438F101","Buy","1.118431","$65.27","($73.00)"
"9/12/2025","9/12/2025","9/15/2025","SPY","SPDR S&P 500 ETF
CUSIP: 78462F103","Buy","0.133869","$657.36","($88.00)"
"9/11/2025","9/11/2025","9/12/2025","IBIT","iShares Bitcoin Trust ETF
CUSIP: 46438F101","Buy","0.124505","$64.92","($8.08)"
"9/11/2025","9/11/2025","9/12/2025","IBIT","iShares Bitcoin Trust ETF
CUSIP: 46438F101","Buy","1","$64.92","($64.92)"
"9/11/2025","9/11/2025","9/12/2025","SPY","SPDR S&P 500 ETF
CUSIP: 78462F103","Buy","0.133832","$657.54","($88.00)"
"9/10/2025","9/10/2025","9/11/2025","SPY","SPDR S&P 500 ETF
CUSIP: 78462F103","Buy","0.134994","$651.88","($88.00)"
"9/10/2025","9/10/2025","9/11/2025","IBIT","iShares Bitcoin Trust ETF
CUSIP: 46438F101","Buy","0.129912","$64.61","($8.39)"
"9/10/2025","9/10/2025","9/11/2025","IBIT","iShares Bitcoin Trust ETF
CUSIP: 46438F101","Buy","1","$64.61","($64.61)"
"9/9/2025","9/9/2025","9/10/2025","IBIT","iShares Bitcoin Trust ETF
CUSIP: 46438F101","Buy","0.138845","$64.10","($8.90)"
"9/9/2025","9/9/2025","9/10/2025","IBIT","iShares Bitcoin Trust ETF
CUSIP: 46438F101","Buy","1","$64.10","($64.10)"
"9/9/2025","9/9/2025","9/10/2025","SPY","SPDR S&P 500 ETF
CUSIP: 78462F103","Buy","0.13558","$649.06","($88.00)"
"9/8/2025","9/8/2025","9/9/2025","IBIT","IBIT 9/12/2025 Put $62.00","STO","7","$0.31","$216.68"
"9/8/2025","9/8/2025","9/9/2025","IBIT","IBIT 9/12/2025 Put $62.00","STO","5","$0.31","$154.78"
"9/8/2025","9/8/2025","9/9/2025","IBIT","IBIT 9/12/2025 Put $62.00","STO","5","$0.31","$154.78"
"9/8/2025","9/8/2025","9/9/2025","IBIT","IBIT 9/12/2025 Put $56.00","BTO","1","$0.03","($3.04)"
"9/8/2025","9/8/2025","9/9/2025","IBIT","IBIT 9/12/2025 Put $56.00","BTO","10","$0.03","($30.42)"
"9/8/2025","9/8/2025","9/9/2025","IBIT","IBIT 9/12/2025 Put $56.00","BTO","6","$0.03","($18.25)"
"9/8/2025","9/8/2025","9/9/2025","IBIT","IBIT 9/12/2025 Call $66.00","STO","1","$0.25","$24.95"
"9/8/2025","9/8/2025","9/9/2025","IBIT","IBIT 9/12/2025 Call $66.00","STO","8","$0.25","$199.64"
"9/8/2025","9/8/2025","9/9/2025","IBIT","IBIT 9/12/2025 Call $66.00","STO","6","$0.25","$149.73"
"9/8/2025","9/8/2025","9/9/2025","IBIT","IBIT 9/12/2025 Call $66.00","STO","2","$0.25","$49.91"
"9/8/2025","9/8/2025","9/9/2025","SPY","SPY 9/12/2025 Put $642.00","STO","1","$1.18","$117.95"
"9/8/2025","9/8/2025","9/9/2025","IBIT","iShares Bitcoin Trust ETF
CUSIP: 46438F101","Buy","0.14009","$64.03","($8.97)"
"9/8/2025","9/8/2025","9/9/2025","IBIT","iShares Bitcoin Trust ETF
CUSIP: 46438F101","Buy","1","$64.03","($64.03)"
"9/8/2025","9/8/2025","9/9/2025","SPY","SPDR S&P 500 ETF
CUSIP: 78462F103","Buy","0.135551","$649.20","($88.00)"
"9/8/2025","9/8/2025","9/9/2025","SGOV","iShares 0-3 Month Treasury Bond
CUSIP: 46436E718
Dividend Reinvestment","Buy","1.498475","$100.47","($150.55)"
"9/5/2025","9/5/2025","9/8/2025","IBIT","Option Expiration for IBIT 9/5/2025 Put $61.00","OEXP","17","",""
"9/5/2025","9/5/2025","9/8/2025","SPY","Option Expiration for SPY 9/5/2025 Put $629.00","OEXP","1","",""
"9/5/2025","9/5/2025","9/8/2025","IBIT","Option Expiration for IBIT 9/5/2025 Call $65.00","OEXP","17","",""
"9/5/2025","9/5/2025","9/8/2025","IBIT","Option Expiration for IBIT 9/5/2025 Put $54.00","OEXP","17S","",""
"9/5/2025","9/5/2025","9/5/2025","SGOV","Cash Div: R/D 2025-09-02 P/D 2025-09-05 - 418.04875 shares at 0.360128","CDIV","","","$150.55"
"9/5/2025","9/5/2025","9/8/2025","IBIT","iShares Bitcoin Trust ETF
CUSIP: 46438F101","Buy","1.161218","$62.86","($73.00)"
"9/5/2025","9/5/2025","9/8/2025","SPY","SPDR S&P 500 ETF
CUSIP: 78462F103","Buy","0.136217","$646.02","($88.00)"
"9/4/2025","9/4/2025","9/5/2025","IBIT","iShares Bitcoin Trust ETF
CUSIP: 46438F101","Buy","0.171977","$62.29","($10.71)"
"9/4/2025","9/4/2025","9/5/2025","IBIT","iShares Bitcoin Trust ETF
CUSIP: 46438F101","Buy","1","$62.29","($62.29)"
"9/4/2025","9/4/2025","9/5/2025","SPY","SPDR S&P 500 ETF
CUSIP: 78462F103","Buy","0.136103","$646.56","($88.00)"
"9/4/2025","9/4/2025","9/5/2025","SGOV","iShares 0-3 Month Treasury Bond
CUSIP: 46436E718","Buy","39.832702","$100.42","($4,000.00)"
"9/4/2025","9/4/2025","9/4/2025","","RESIDUAL ACAT IN control_num = 20252460028726, firm_id = 0226, acct_num = X96825017","ACATI","","","$0.10"
"9/3/2025","9/3/2025","9/4/2025","IBIT","iShares Bitcoin Trust ETF
CUSIP: 46438F101","Buy","0.148973","$63.54","($9.46)"
"9/3/2025","9/3/2025","9/4/2025","IBIT","iShares Bitcoin Trust ETF
CUSIP: 46438F101","Buy","1","$63.54","($63.54)"
"9/3/2025","9/3/2025","9/4/2025","SPY","SPDR S&P 500 ETF
CUSIP: 78462F103","Buy","0.13681","$643.23","($88.00)"
"9/2/2025","9/2/2025","9/3/2025","SPY","SPY 9/5/2025 Put $629.00","STO","1","$1.48","$147.95"
"9/2/2025","9/2/2025","9/3/2025","IBIT","IBIT 9/5/2025 Call $65.00","STO","16","$0.31","$495.28"
"9/2/2025","9/2/2025","9/3/2025","IBIT","IBIT 9/5/2025 Call $65.00","STO","1","$0.31","$30.95"
"9/2/2025","9/2/2025","9/3/2025","IBIT","IBIT 9/5/2025 Put $61.00","STO","17","$0.32","$543.23"
"9/2/2025","9/2/2025","9/3/2025","IBIT","IBIT 9/5/2025 Put $54.00","BTO","1","$0.04","($4.04)"
"9/2/2025","9/2/2025","9/3/2025","IBIT","IBIT 9/5/2025 Put $54.00","BTO","15","$0.04","($60.63)"
"9/2/2025","9/2/2025","9/3/2025","IBIT","IBIT 9/5/2025 Put $54.00","BTO","1","$0.04","($4.04)"
"9/2/2025","9/2/2025","9/3/2025","IBIT","iShares Bitcoin Trust ETF
CUSIP: 46438F101","Buy","0.157478","$63.07","($9.93)"
"9/2/2025","9/2/2025","9/3/2025","IBIT","iShares Bitcoin Trust ETF
CUSIP: 46438F101","Buy","1","$63.07","($63.07)"
"9/2/2025","9/2/2025","9/3/2025","SPY","SPDR S&P 500 ETF
CUSIP: 78462F103","Buy","0.137719","$638.98","($88.00)"
"8/29/2025","8/29/2025","9/2/2025","IBIT","Option Expiration for IBIT 8/29/2025 Put $61.00","OEXP","17","",""
"8/29/2025","8/29/2025","9/2/2025","IBIT","Option Expiration for IBIT 8/29/2025 Call $66.00","OEXP","17","",""
"8/29/2025","8/29/2025","9/2/2025","SPY","Option Expiration for SPY 8/29/2025 Put $637.00","OEXP","1","",""
"8/29/2025","8/29/2025","9/2/2025","IBIT","Option Expiration for IBIT 8/29/2025 Put $53.00","OEXP","17S","",""
"8/29/2025","8/29/2025","8/29/2025","","Interest Payment","INT","","","$0.56"
"8/29/2025","8/29/2025","9/2/2025","SPY","SPDR S&P 500 ETF
CUSIP: 78462F103","Buy","0.136651","$643.98","($88.00)"
"8/29/2025","8/29/2025","9/2/2025","IBIT","iShares Bitcoin Trust ETF
CUSIP: 46438F101","Buy","1.185546","$61.58","($73.00)"
"8/29/2025","8/29/2025","8/29/2025","","Gold Subscription Fee","GOLD","","","($5.00)"
"8/28/2025","8/28/2025","8/29/2025","IBIT","iShares Bitcoin Trust ETF
CUSIP: 46438F101","Buy","1.141427","$63.96","($73.00)"
"8/28/2025","8/28/2025","8/29/2025","SPY","SPDR S&P 500 ETF
CUSIP: 78462F103","Buy","0.136031","$646.91","($88.00)"
"8/27/2025","8/27/2025","8/28/2025","IBIT","iShares Bitcoin Trust ETF
CUSIP: 46438F101","Buy","0.147077","$63.64","($9.36)"
"8/27/2025","8/27/2025","8/28/2025","IBIT","iShares Bitcoin Trust ETF
CUSIP: 46438F101","Buy","1","$63.64","($63.64)"
"8/27/2025","8/27/2025","8/28/2025","SPY","SPDR S&P 500 ETF
CUSIP: 78462F103","Buy","0.136145","$646.36","($88.00)"
"8/26/2025","8/26/2025","8/27/2025","IBIT","iShares Bitcoin Trust ETF
CUSIP: 46438F101","Buy","0.165389","$62.64","($10.36)"
"8/26/2025","8/26/2025","8/27/2025","IBIT","iShares Bitcoin Trust ETF
CUSIP: 46438F101","Buy","1","$62.64","($62.64)"
"8/26/2025","8/26/2025","8/27/2025","SPY","SPDR S&P 500 ETF
CUSIP: 78462F103","Buy","0.13685","$643.04","($88.00)"
"8/25/2025","8/25/2025","8/26/2025","SPY","SPY 8/29/2025 Put $637.00","STO","1","$1.08","$107.95"
"8/25/2025","8/25/2025","8/26/2025","IBIT","IBIT 8/29/2025 Call $66.00","STO","4","$0.34","$135.83"
"8/25/2025","8/25/2025","8/26/2025","IBIT","IBIT 8/29/2025 Call $66.00","STO","13","$0.35","$454.41"
"8/25/2025","8/25/2025","8/26/2025","IBIT","IBIT 8/29/2025 Put $61.00","STO","9","$0.28","$251.59"
"8/25/2025","8/25/2025","8/26/2025","IBIT","IBIT 8/29/2025 Put $61.00","STO","1","$0.27","$26.95"
"8/25/2025","8/25/2025","8/26/2025","IBIT","IBIT 8/29/2025 Put $61.00","STO","1","$0.27","$26.95"
"8/25/2025","8/25/2025","8/26/2025","IBIT","IBIT 8/29/2025 Put $61.00","STO","5","$0.27","$134.78"
"8/25/2025","8/25/2025","8/26/2025","IBIT","IBIT 8/29/2025 Put $61.00","STO","1","$0.27","$26.95"
"8/25/2025","8/25/2025","8/26/2025","IBIT","IBIT 8/29/2025 Put $53.00","BTO","17","$0.04","($68.72)"
"8/25/2025","8/25/2025","8/26/2025","IBIT","iShares Bitcoin Trust ETF
CUSIP: 46438F101","Buy","0.145322","$63.74","($9.26)"
"8/25/2025","8/25/2025","8/26/2025","IBIT","iShares Bitcoin Trust ETF
CUSIP: 46438F101","Buy","1","$63.74","($63.74)"
"8/25/2025","8/25/2025","8/26/2025","SPY","SPDR S&P 500 ETF
CUSIP: 78462F103","Buy","0.136536","$644.52","($88.00)"
"8/22/2025","8/22/2025","8/25/2025","SPY","Option Expiration for SPY 8/22/2025 Put $636.00","OEXP","1","",""
"8/22/2025","8/22/2025","8/25/2025","IBIT","Option Expiration for IBIT 8/22/2025 Call $67.50","OEXP","17","",""
"8/22/2025","8/22/2025","8/25/2025","IBIT","Option Expiration for IBIT 8/22/2025 Put $63.00","OEXP","17","",""
"8/22/2025","8/22/2025","8/25/2025","IBIT","Option Expiration for IBIT 8/22/2025 Put $52.00","OEXP","17S","",""
"8/22/2025","8/22/2025","8/25/2025","IBIT","iShares Bitcoin Trust ETF
CUSIP: 46438F101","Buy","0.120061","$65.18","($7.82)"
"8/22/2025","8/22/2025","8/25/2025","IBIT","iShares Bitcoin Trust ETF
CUSIP: 46438F101","Buy","1","$65.18","($65.18)"
"8/22/2025","8/22/2025","8/25/2025","SPY","SPDR S&P 500 ETF
CUSIP: 78462F103","Buy","0.136634","$644.06","($88.00)"
"8/21/2025","8/21/2025","8/22/2025","IBIT","iShares Bitcoin Trust ETF
CUSIP: 46438F101","Buy","1.13362","$64.40","($73.00)"
"8/21/2025","8/21/2025","8/22/2025","SPY","SPDR S&P 500 ETF
CUSIP: 78462F103","Buy","0.138073","$637.34","($88.00)"
"8/20/2025","8/20/2025","8/21/2025","IBIT","iShares Bitcoin Trust ETF
CUSIP: 46438F101","Buy","0.12906","$64.66","($8.34)"
"8/20/2025","8/20/2025","8/21/2025","IBIT","iShares Bitcoin Trust ETF
CUSIP: 46438F101","Buy","1","$64.66","($64.66)"
"8/20/2025","8/20/2025","8/21/2025","SPY","SPDR S&P 500 ETF
CUSIP: 78462F103","Buy","0.13824","$636.56","($88.00)"
"8/19/2025","8/19/2025","8/20/2025","IBIT","iShares Bitcoin Trust ETF
CUSIP: 46438F101","Buy","0.13009","$64.60","($8.40)"
"8/19/2025","8/19/2025","8/20/2025","IBIT","iShares Bitcoin Trust ETF
CUSIP: 46438F101","Buy","1","$64.60","($64.60)"
"8/19/2025","8/19/2025","8/20/2025","SPY","SPDR S&P 500 ETF
CUSIP: 78462F103","Buy","0.137039","$642.15","($88.00)"
"8/18/2025","8/18/2025","8/19/2025","IBIT","IBIT 8/22/2025 Put $63.00","STO","17","$0.29","$492.23"
"8/18/2025","8/18/2025","8/19/2025","IBIT","IBIT 8/22/2025 Put $52.00","BTO","17","$0.03","($51.72)"
"8/18/2025","8/18/2025","8/19/2025","IBIT","IBIT 8/22/2025 Call $67.50","STO","5","$0.26","$129.78"
"8/18/2025","8/18/2025","8/19/2025","IBIT","IBIT 8/22/2025 Call $67.50","STO","8","$0.27","$215.64"
"8/18/2025","8/18/2025","8/19/2025","IBIT","IBIT 8/22/2025 Call $67.50","STO","1","$0.27","$26.95"
"8/18/2025","8/18/2025","8/19/2025","IBIT","IBIT 8/22/2025 Call $67.50","STO","1","$0.27","$26.95"
"8/18/2025","8/18/2025","8/19/2025","IBIT","IBIT 8/22/2025 Call $67.50","STO","1","$0.27","$26.95"
"8/18/2025","8/18/2025","8/19/2025","IBIT","IBIT 8/22/2025 Call $67.50","STO","1","$0.26","$25.95"
"8/18/2025","8/18/2025","8/19/2025","IBIT","iShares Bitcoin Trust ETF
CUSIP: 46438F101","Buy","0.11629","$65.40","($7.60)"
"8/18/2025","8/18/2025","8/19/2025","IBIT","iShares Bitcoin Trust ETF
CUSIP: 46438F101","Buy","1","$65.40","($65.40)"
"8/18/2025","8/18/2025","8/19/2025","SPY","SPDR S&P 500 ETF
CUSIP: 78462F103","Buy","0.136877","$642.91","($88.00)"
"8/15/2025","8/15/2025","8/18/2025","IBIT","Option Expiration for IBIT 8/15/2025 Put $66.00","OEXP","17","",""
"8/15/2025","8/15/2025","8/18/2025","IBIT","Option Expiration for IBIT 8/15/2025 Call $70.00","OEXP","17","",""
"8/15/2025","8/15/2025","8/18/2025","IBIT","Option Expiration for IBIT 8/15/2025 Put $61.00","OEXP","17S","",""
"8/15/2025","8/15/2025","8/18/2025","SPY","SPY 8/29/2025 Put $620.00","BTC","1","$1.04","($104.04)"
"8/15/2025","8/15/2025","8/18/2025","SPY","SPY 8/22/2025 Put $636.00","STO","1","$1.39","$138.95"
"8/15/2025","8/15/2025","8/18/2025","SPY","SPY 8/15/2025 Call $620.00","BTC","1","$24.27","($2,427.04)"
"8/15/2025","8/15/2025","8/18/2025","SPY","SPY 9/12/2025 Call $624.00","STO","1","$25.37","$2,536.95"
"8/15/2025","8/15/2025","8/18/2025","SPY","SPDR S&P 500 ETF
CUSIP: 78462F103","Buy","0.136633","$644.06","($88.00)"
"8/15/2025","8/15/2025","8/18/2025","IBIT","iShares Bitcoin Trust ETF
CUSIP: 46438F101","Buy","0.09091","$66.92","($6.08)"
"8/15/2025","8/15/2025","8/18/2025","IBIT","iShares Bitcoin Trust ETF
CUSIP: 46438F101","Buy","1","$66.92","($66.92)"
"8/14/2025","8/14/2025","8/15/2025","SPY","SPDR S&P 500 ETF
CUSIP: 78462F103","Buy","0.13663","$644.03","($87.99)"
"8/14/2025","8/14/2025","8/15/2025","IBIT","iShares Bitcoin Trust ETF
CUSIP: 46438F101","Buy","0.08784","$67.10","($5.89)"
"8/14/2025","8/14/2025","8/15/2025","IBIT","iShares Bitcoin Trust ETF
CUSIP: 46438F101","Buy","1","$67.10","($67.11)"
"8/13/2025","8/13/2025","8/14/2025","IBIT","iShares Bitcoin Trust ETF
CUSIP: 46438F101","Buy","0.64209","$68.53","($44.00)"
"8/13/2025","8/13/2025","8/14/2025","SPY","SPDR S&P 500 ETF
CUSIP: 78462F103","Buy","0.13669","$643.76","($88.00)"
"8/12/2025","8/12/2025","8/13/2025","IBIT","IBIT 8/15/2025 Call $70.00","STO","7","$0.15","$104.68"
"8/12/2025","8/12/2025","8/13/2025","IBIT","IBIT 8/15/2025 Put $66.00","STO","1","$0.21","$20.95"
"8/12/2025","8/12/2025","8/13/2025","IBIT","IBIT 8/15/2025 Put $66.00","STO","1","$0.21","$20.95"
"8/12/2025","8/12/2025","8/13/2025","IBIT","IBIT 8/15/2025 Put $66.00","STO","5","$0.21","$104.78"
"8/12/2025","8/12/2025","8/13/2025","IBIT","IBIT 8/15/2025 Put $66.00","STO","1","$0.21","$20.95"
"8/12/2025","8/12/2025","8/13/2025","IBIT","IBIT 8/15/2025 Put $66.00","STO","1","$0.21","$20.95"
"8/12/2025","8/12/2025","8/13/2025","IBIT","IBIT 8/15/2025 Put $66.00","STO","1","$0.21","$20.95"
"8/12/2025","8/12/2025","8/13/2025","IBIT","IBIT 8/15/2025 Put $66.00","STO","1","$0.21","$20.95"
"8/12/2025","8/12/2025","8/13/2025","IBIT","IBIT 8/15/2025 Put $66.00","STO","1","$0.21","$20.95"
"8/12/2025","8/12/2025","8/13/2025","IBIT","IBIT 8/15/2025 Put $66.00","STO","5","$0.21","$104.78"
"8/12/2025","8/12/2025","8/13/2025","IBIT","IBIT 8/15/2025 Put $61.00","BTO","17","$0.03","($51.72)"
"8/12/2025","8/12/2025","8/13/2025","IBIT","iShares Bitcoin Trust ETF
CUSIP: 46438F101","Buy","0.07637","$67.82","($5.18)"
"8/12/2025","8/12/2025","8/13/2025","IBIT","iShares Bitcoin Trust ETF
CUSIP: 46438F101","Buy","1","$67.82","($67.82)"
"8/12/2025","8/12/2025","8/13/2025","SPY","SPDR S&P 500 ETF
CUSIP: 78462F103","Buy","0.13746","$640.16","($88.00)"
"8/11/2025","8/11/2025","8/12/2025","IBIT","IBIT 8/15/2025 Call $70.00","STO","10","$0.37","$369.55"
"8/11/2025","8/11/2025","8/12/2025","SGOV","iShares 0-3 Month Treasury Bond
CUSIP: 46436E718","Buy","119.41486","$100.49","($12,000.00)"
"8/11/2025","8/11/2025","8/12/2025","IBIT","iShares Bitcoin Trust ETF
CUSIP: 46438F101","Buy","0.64461","$68.26","($44.00)"
"8/11/2025","8/11/2025","8/12/2025","SPY","SPDR S&P 500 ETF
CUSIP: 78462F103","Buy","0.13803","$637.52","($88.00)"
"8/8/2025","8/8/2025","8/11/2025","IBIT","Option Expiration for IBIT 8/8/2025 Put $63.00","OEXP","17","",""
"8/8/2025","8/8/2025","8/11/2025","IBIT","Option Expiration for IBIT 8/8/2025 Call $67.50","OEXP","16","",""
"8/8/2025","8/8/2025","8/11/2025","IBIT","Option Expiration for IBIT 8/8/2025 Put $63.50","OEXP","16","",""
"8/8/2025","8/8/2025","8/11/2025","IBIT","Option Expiration for IBIT 8/8/2025 Put $54.00","OEXP","33S","",""
"8/8/2025","8/8/2025","8/11/2025","SGOV","iShares 0-3 Month Treasury Bond
CUSIP: 46436E718","Buy","149.29086","$100.48","($15,000.00)"
"8/8/2025","8/8/2025","8/11/2025","IBIT","iShares Bitcoin Trust ETF
CUSIP: 46438F101","Buy","0.10557","$66.03","($6.97)"
"8/8/2025","8/8/2025","8/11/2025","IBIT","iShares Bitcoin Trust ETF
CUSIP: 46438F101","Buy","1","$66.03","($66.03)"
"8/8/2025","8/8/2025","8/11/2025","SPY","SPDR S&P 500 ETF
CUSIP: 78462F103","Buy","0.13818","$636.84","($88.00)"
"8/7/2025","8/7/2025","8/8/2025","SGOV","iShares 0-3 Month Treasury Bond
CUSIP: 46436E718","Buy","149.34303","$100.44","($15,000.00)"
"8/7/2025","8/7/2025","8/8/2025","IBIT","iShares Bitcoin Trust ETF
CUSIP: 46438F101","Buy","0.1033","$66.16","($6.83)"
"8/7/2025","8/7/2025","8/8/2025","IBIT","iShares Bitcoin Trust ETF
CUSIP: 46438F101","Buy","1","$66.16","($66.17)"
"8/7/2025","8/7/2025","8/8/2025","SPY","SPDR S&P 500 ETF
CUSIP: 78462F103","Buy","0.13888","$633.60","($87.99)"
"8/6/2025","8/6/2025","8/7/2025","IBIT","iShares Bitcoin Trust ETF
CUSIP: 46438F101","Buy","0.12363","$64.97","($8.03)"
"8/6/2025","8/6/2025","8/7/2025","IBIT","iShares Bitcoin Trust ETF
CUSIP: 46438F101","Buy","1","$64.97","($64.97)"
"8/6/2025","8/6/2025","8/7/2025","SPY","SPDR S&P 500 ETF
CUSIP: 78462F103","Buy","0.13959","$630.40","($88.00)"
"8/5/2025","8/5/2025","8/6/2025","SPY","SPDR S&P 500 ETF
CUSIP: 78462F103","Buy","0.13999","$628.58","($87.99)"
"8/5/2025","8/5/2025","8/6/2025","IBIT","iShares Bitcoin Trust ETF
CUSIP: 46438F101","Buy","0.13694","$64.21","($8.79)"
"8/5/2025","8/5/2025","8/6/2025","IBIT","iShares Bitcoin Trust ETF
CUSIP: 46438F101","Buy","1","$64.21","($64.21)"
"8/5/2025","8/5/2025","8/5/2025","","ACAT In Bonus Interest Payment","ABIP","","","$1.79"
"8/5/2025","8/5/2025","8/5/2025","","RESIDUAL ACAT IN control_num = 20252160018378, firm_id = 0226, acct_num = X96825017","ACATI","","","$178.73"
"8/4/2025","8/4/2025","8/5/2025","IBIT","IBIT 8/8/2025 Call $67.50","STO","1","$0.23","$22.95"
"8/4/2025","8/4/2025","8/5/2025","IBIT","IBIT 8/8/2025 Call $67.50","STO","5","$0.23","$114.78"
"8/4/2025","8/4/2025","8/5/2025","IBIT","IBIT 8/8/2025 Call $67.50","STO","9","$0.24","$215.59"
"8/4/2025","8/4/2025","8/5/2025","IBIT","IBIT 8/8/2025 Call $67.50","STO","1","$0.23","$22.95"
"8/4/2025","8/4/2025","8/5/2025","IBIT","IBIT 8/8/2025 Put $63.50","STO","5","$0.30","$149.78"
"8/4/2025","8/4/2025","8/5/2025","IBIT","IBIT 8/8/2025 Put $63.50","STO","11","$0.30","$329.51"
"8/4/2025","8/4/2025","8/5/2025","IBIT","IBIT 8/8/2025 Put $54.00","BTO","33","$0.03","($100.39)"
"8/4/2025","8/4/2025","8/5/2025","IBIT","iShares Bitcoin Trust ETF
CUSIP: 46438F101","Buy","0.11475","$65.48","($7.51)"
"8/4/2025","8/4/2025","8/5/2025","IBIT","iShares Bitcoin Trust ETF
CUSIP: 46438F101","Buy","1","$65.48","($65.49)"
"8/4/2025","8/4/2025","8/5/2025","SPY","SPDR S&P 500 ETF
CUSIP: 78462F103","Buy","0.13989","$629.06","($88.00)"
"8/1/2025","8/1/2025","8/4/2025","IBIT","Option Expiration for IBIT 8/1/2025 Call $70.00","OEXP","17","",""
"8/1/2025","8/1/2025","8/4/2025","IBIT","Option Expiration for IBIT 8/1/2025 Put $60.00","OEXP","17S","",""
"8/1/2025","8/1/2025","8/4/2025","SPY","SPY 8/29/2025 Put $620.00","STO","1","$10.55","$1,054.95"
"8/1/2025","8/1/2025","8/4/2025","SPY","SPY 8/1/2025 Put $630.00","BTC","1","$9.32","($932.04)"
"8/1/2025","8/1/2025","8/4/2025","IBIT","IBIT 8/8/2025 Put $63.00","STO","17","$0.67","$1,138.23"
"8/1/2025","8/1/2025","8/4/2025","IBIT","IBIT 8/1/2025 Put $65.00","BTC","17","$0.28","($476.72)"
"8/1/2025","8/1/2025","8/4/2025","IBIT","iShares Bitcoin Trust ETF
CUSIP: 46438F101","Buy","1.12697","$64.78","($73.00)"
"8/1/2025","8/1/2025","8/4/2025","SPY","SPDR S&P 500 ETF
CUSIP: 78462F103","Buy","0.14164","$621.29","($88.00)"
"8/1/2025","8/1/2025","8/1/2025","","Aggregated Margin Rate","MINT","","","($2.35)"
"7/31/2025","7/31/2025","7/31/2025","","Interest Payment","INT","","","$1.24"
"7/31/2025","7/31/2025","8/1/2025","IBIT","iShares Bitcoin Trust ETF
CUSIP: 46438F101","Buy","1.08582","$67.23","($73.00)"
"7/31/2025","7/31/2025","8/1/2025","SPY","SPDR S&P 500 ETF
CUSIP: 78462F103","Buy","0.13766","$639.22","($88.00)"
"7/30/2025","7/30/2025","7/30/2025","","Interest Payment","INT","","","$6.37"
"7/30/2025","7/30/2025","7/31/2025","IBIT","iShares Bitcoin Trust ETF
CUSIP: 46438F101","Buy","1.09281","$66.80","($73.00)"
"7/30/2025","7/30/2025","7/31/2025","SPY","SPDR S&P 500 ETF
CUSIP: 78462F103","Buy","0.13846","$635.52","($87.99)"
"7/30/2025","7/30/2025","7/30/2025","","Gold Subscription Fee","GOLD","","","($5.00)"
"7/29/2025","7/29/2025","7/30/2025","SPY","SPY 8/1/2025 Put $630.00","STO","1","$1.14","$113.95"
"7/29/2025","7/29/2025","7/30/2025","IBIT","iShares Bitcoin Trust ETF
CUSIP: 46438F101","Buy","1.08719","$67.14","($73.00)"
"7/29/2025","7/29/2025","7/30/2025","SPY","SPDR S&P 500 ETF
CUSIP: 78462F103","Buy","0.13804","$637.46","($88.00)"
"7/29/2025","7/29/2025","7/30/2025","","ACH Deposit","ACH","","","$30,000.00"
"7/28/2025","7/28/2025","7/29/2025","IBIT","iShares Bitcoin Trust ETF
CUSIP: 46438F101","Buy","0.08228","$67.45","($5.55)"
"7/28/2025","7/28/2025","7/29/2025","IBIT","iShares Bitcoin Trust ETF
CUSIP: 46438F101","Buy","1","$67.45","($67.45)"
"7/28/2025","7/28/2025","7/29/2025","SPY","SPDR S&P 500 ETF
CUSIP: 78462F103","Buy","0.13796","$637.83","($88.00)"
"7/28/2025","7/28/2025","7/29/2025","IBIT","IBIT 8/1/2025 Call $70.00","STO","9","$0.28","$251.59"
"7/28/2025","7/28/2025","7/29/2025","IBIT","IBIT 8/1/2025 Call $70.00","STO","8","$0.28","$223.64"
"7/28/2025","7/28/2025","7/29/2025","IBIT","IBIT 8/1/2025 Put $60.00","BTO","17","$0.04","($68.72)"
"7/28/2025","7/28/2025","7/29/2025","IBIT","IBIT 8/1/2025 Put $65.00","STO","6","$0.29","$173.73"
"7/28/2025","7/28/2025","7/29/2025","IBIT","IBIT 8/1/2025 Put $65.00","STO","11","$0.29","$318.51"
"7/25/2025","7/25/2025","7/28/2025","IBIT","Option Expiration for IBIT 7/25/2025 Call $70.00","OEXP","17","",""
"7/25/2025","7/25/2025","7/28/2025","IBIT","Option Expiration for IBIT 7/25/2025 Put $65.00","OEXP","10","",""
"7/25/2025","7/25/2025","7/28/2025","IBIT","Option Expiration for IBIT 7/25/2025 Put $65.50","OEXP","7","",""
"7/25/2025","7/25/2025","7/28/2025","IBIT","Option Expiration for IBIT 7/25/2025 Put $62.00","OEXP","17S","",""
"7/25/2025","7/25/2025","7/28/2025","IBIT","iShares Bitcoin Trust ETF
CUSIP: 46438F101","Buy","1.10656","$65.97","($73.00)"
"7/25/2025","7/25/2025","7/28/2025","SPY","SPDR S&P 500 ETF
CUSIP: 78462F103","Buy","0.13853","$635.20","($87.99)"
"7/25/2025","7/25/2025","7/28/2025","","ACH Deposit","ACH","","","$14,180.80"
"7/25/2025","7/25/2025","7/28/2025","IBIT","iShares Bitcoin Trust ETF
CUSIP: 46438F101","Buy","200","$66.32","($13,263.00)"
"7/24/2025","7/24/2025","7/25/2025","","ACH Deposit","ACH","","","$28,854.54"
"7/24/2025","7/24/2025","7/25/2025","IBIT","iShares Bitcoin Trust ETF
CUSIP: 46438F101","Buy","400","$67.47","($26,987.21)"
"7/24/2025","7/24/2025","7/25/2025","IBIT","iShares Bitcoin Trust ETF
CUSIP: 46438F101","Buy","1.08156","$67.50","($73.00)"
"7/24/2025","7/24/2025","7/25/2025","SPY","SPDR S&P 500 ETF
CUSIP: 78462F103","Buy","0.13867","$634.57","($88.00)"
"7/24/2025","7/24/2025","7/25/2025","","ACH Deposit","ACH","","","$28,580.27"
"7/23/2025","7/23/2025","7/24/2025","IBIT","IBIT 7/25/2025 Put $62.00","BTO","15","$0.05","($75.63)"
"7/23/2025","7/23/2025","7/24/2025","IBIT","IBIT 7/25/2025 Put $62.00","BTO","1","$0.05","($5.04)"
"7/23/2025","7/23/2025","7/24/2025","SPY","SPDR S&P 500 ETF
CUSIP: 78462F103","Buy","0.13963","$630.22","($88.00)"
"7/23/2025","7/23/2025","7/24/2025","IBIT","iShares Bitcoin Trust ETF
CUSIP: 46438F101","Buy","0.09273","$66.80","($6.19)"
"7/23/2025","7/23/2025","7/24/2025","IBIT","iShares Bitcoin Trust ETF
CUSIP: 46438F101","Buy","1","$66.80","($66.81)"
"7/23/2025","7/23/2025","7/24/2025","IBIT","iShares Bitcoin Trust ETF
CUSIP: 46438F101","Buy","400","$66.83","($26,730.53)"
"7/23/2025","7/23/2025","7/24/2025","IBIT","IBIT 7/25/2025 Put $62.00","BTO","1","$0.05","($5.04)"
"7/22/2025","7/22/2025","7/23/2025","IBIT","IBIT 7/25/2025 Call $70.00","STO","1","$0.25","$24.95"
"7/22/2025","7/22/2025","7/23/2025","IBIT","IBIT 7/25/2025 Call $70.00","STO","6","$0.25","$149.73"
"7/22/2025","7/22/2025","7/23/2025","IBIT","IBIT 7/25/2025 Put $65.50","STO","4","$0.23","$91.83"
"7/22/2025","7/22/2025","7/23/2025","IBIT","IBIT 7/25/2025 Put $65.50","STO","3","$0.23","$68.87"
"7/22/2025","7/22/2025","7/23/2025","","ACH Deposit","ACH","","","$28,932.33"
"7/22/2025","7/22/2025","7/23/2025","IBIT","iShares Bitcoin Trust ETF
CUSIP: 46438F101","Buy","400","$67.65","($27,059.81)"
"7/22/2025","7/22/2025","7/23/2025","IBIT","iShares Bitcoin Trust ETF
CUSIP: 46438F101","Buy","1.07916","$67.64","($73.00)"
"7/22/2025","7/22/2025","7/23/2025","SPY","SPDR S&P 500 ETF
CUSIP: 78462F103","Buy","0.13999","$628.58","($87.99)"
"7/21/2025","7/21/2025","7/22/2025","IBIT","IBIT 7/25/2025 Call $70.00","STO","1","$0.30","$29.95"
"7/21/2025","7/21/2025","7/22/2025","IBIT","IBIT 7/25/2025 Call $70.00","STO","2","$0.30","$59.91"
"7/21/2025","7/21/2025","7/22/2025","IBIT","IBIT 7/25/2025 Call $70.00","STO","1","$0.30","$29.95"
"7/21/2025","7/21/2025","7/22/2025","IBIT","IBIT 7/25/2025 Call $70.00","STO","6","$0.30","$179.73"
"7/21/2025","7/21/2025","7/22/2025","IBIT","IBIT 7/25/2025 Put $65.00","STO","3","$0.32","$95.87"
"7/21/2025","7/21/2025","7/22/2025","IBIT","IBIT 7/25/2025 Put $65.00","STO","1","$0.32","$31.95"
"7/21/2025","7/21/2025","7/22/2025","IBIT","IBIT 7/25/2025 Put $65.00","STO","1","$0.32","$31.95"
"7/21/2025","7/21/2025","7/22/2025","IBIT","IBIT 7/25/2025 Put $65.00","STO","2","$0.32","$63.91"
"7/21/2025","7/21/2025","7/22/2025","IBIT","IBIT 7/25/2025 Put $65.00","STO","1","$0.32","$31.95"
"7/21/2025","7/21/2025","7/22/2025","IBIT","IBIT 7/25/2025 Put $65.00","STO","1","$0.32","$31.95"
"7/21/2025","7/21/2025","7/22/2025","IBIT","IBIT 7/25/2025 Put $65.00","STO","1","$0.32","$31.95"
"7/21/2025","7/21/2025","7/22/2025","","ACH Deposit","ACH","","","$28,785.00"
"7/21/2025","7/21/2025","7/22/2025","IBIT","iShares Bitcoin Trust ETF
CUSIP: 46438F101","Buy","400","$67.30","($26,920.01)"
"7/21/2025","7/21/2025","7/22/2025","IBIT","iShares Bitcoin Trust ETF
CUSIP: 46438F101","Buy","0.08461","$67.30","($5.69)"
"7/21/2025","7/21/2025","7/22/2025","IBIT","iShares Bitcoin Trust ETF
CUSIP: 46438F101","Buy","1","$67.30","($67.31)"
"7/21/2025","7/21/2025","7/22/2025","SPY","SPDR S&P 500 ETF
CUSIP: 78462F103","Buy","0.13988","$629.08","($88.00)"
"7/18/2025","7/18/2025","7/21/2025","IBIT","Option Expiration for IBIT 7/18/2025 Put $65.50","OEXP","3","",""
"7/18/2025","7/18/2025","7/21/2025","IBIT","Option Expiration for IBIT 7/18/2025 Call $69.00","OEXP","2","",""
"7/18/2025","7/18/2025","7/21/2025","IBIT","Option Expiration for IBIT 7/18/2025 Put $65.00","OEXP","3","",""
"7/18/2025","7/18/2025","7/21/2025","IBIT","Option Expiration for IBIT 7/18/2025 Call $70.00","OEXP","3","",""
"7/18/2025","7/18/2025","7/21/2025","","ACH Deposit","ACH","","","$28,824.41"
"7/18/2025","7/18/2025","7/21/2025","IBIT","iShares Bitcoin Trust ETF
CUSIP: 46438F101","Buy","60","$67.40","($4,044.00)"
"7/18/2025","7/18/2025","7/21/2025","IBIT","iShares Bitcoin Trust ETF
CUSIP: 46438F101","Buy","70","$67.40","($4,717.93)"
"7/18/2025","7/18/2025","7/21/2025","IBIT","iShares Bitcoin Trust ETF
CUSIP: 46438F101","Buy","70","$67.40","($4,717.93)"
"7/18/2025","7/18/2025","7/21/2025","IBIT","iShares Bitcoin Trust ETF
CUSIP: 46438F101","Buy","100","$67.40","($6,739.50)"
"7/18/2025","7/18/2025","7/21/2025","IBIT","iShares Bitcoin Trust ETF
CUSIP: 46438F101","Buy","100","$67.40","($6,739.50)"
"7/18/2025","7/18/2025","7/21/2025","IBIT","iShares Bitcoin Trust ETF
CUSIP: 46438F101","Buy","0.08316","$67.40","($5.60)"
"7/18/2025","7/18/2025","7/21/2025","IBIT","iShares Bitcoin Trust ETF
CUSIP: 46438F101","Buy","1","$67.40","($67.40)"
"7/18/2025","7/18/2025","7/21/2025","SPY","SPDR S&P 500 ETF
CUSIP: 78462F103","Buy","0.13995","$628.78","($88.00)"
"7/18/2025","7/18/2025","7/21/2025","SPY","SPY 8/15/2025 Call $620.00","STO","1","$16.71","$1,670.95"
"7/18/2025","7/18/2025","7/21/2025","SPY","SPY 7/18/2025 Call $613.00","BTC","1","$15.91","($1,591.04)"
"7/18/2025","7/18/2025","7/21/2025","IBIT","IBIT 9/19/2025 Call $68.00","STO","1","$4.78","$477.95"
"7/18/2025","7/18/2025","7/21/2025","IBIT","IBIT 7/18/2025 Call $63.00","BTC","1","$4.50","($450.04)"
"7/17/2025","7/17/2025","7/18/2025","IBIT","iShares Bitcoin Trust ETF
CUSIP: 46438F101","Buy","1.08076","$67.54","($73.00)"
"7/17/2025","7/17/2025","7/18/2025","SPY","SPDR S&P 500 ETF
CUSIP: 78462F103","Buy","0.14075","$625.20","($88.00)"
"7/17/2025","7/17/2025","7/18/2025","","ACH Deposit","ACH","","","$28,883.37"
"7/17/2025","7/17/2025","7/18/2025","IBIT","iShares Bitcoin Trust ETF
CUSIP: 46438F101","Buy","200","$67.54","($13,507.00)"
"7/17/2025","7/17/2025","7/18/2025","IBIT","iShares Bitcoin Trust ETF
CUSIP: 46438F101","Buy","200","$67.54","($13,507.00)"
"7/17/2025","7/17/2025","7/17/2025","","ACAT In Bonus Interest Payment","ABIP","","","$2.08"
"7/17/2025","7/17/2025","7/17/2025","","RESIDUAL ACAT IN control_num = 20251970009097, firm_id = 0226, acct_num = X96825017","ACATI","","","$207.80"
"7/16/2025","7/16/2025","7/17/2025","IBIT","IBIT 7/18/2025 Call $70.00","STO","3","$0.16","$47.87"
"7/16/2025","7/16/2025","7/17/2025","IBIT","IBIT 7/18/2025 Put $65.50","STO","2","$0.18","$35.91"
"7/16/2025","7/16/2025","7/17/2025","IBIT","IBIT 7/18/2025 Put $65.50","STO","1","$0.18","$17.95"
"7/16/2025","7/16/2025","7/17/2025","","ACH Deposit","ACH","","","$21,637.25"
"7/16/2025","7/16/2025","7/17/2025","IBIT","iShares Bitcoin Trust ETF
CUSIP: 46438F101","Buy","300","$67.46","($20,236.86)"
"7/16/2025","7/16/2025","7/17/2025","IBIT","iShares Bitcoin Trust ETF
CUSIP: 46438F101","Buy","1.08172","$67.48","($73.00)"
"7/16/2025","7/16/2025","7/17/2025","SPY","SPDR S&P 500 ETF
CUSIP: 78462F103","Buy","0.1414","$622.31","($87.99)"
"7/15/2025","7/15/2025","7/16/2025","IBIT","IBIT 7/18/2025 Put $65.00","STO","3","$0.29","$86.87"
"7/15/2025","7/15/2025","7/16/2025","IBIT","IBIT 7/18/2025 Call $69.00","STO","2","$0.31","$61.91"
"7/15/2025","7/15/2025","7/16/2025","","ACH Deposit","ACH","","","$21,542.25"
"7/15/2025","7/15/2025","7/16/2025","IBIT","iShares Bitcoin Trust ETF
CUSIP: 46438F101","Buy","300","$67.11","($20,132.94)"
"7/15/2025","7/15/2025","7/16/2025","IBIT","iShares Bitcoin Trust ETF
CUSIP: 46438F101","Buy","1.08728","$67.14","($73.00)"
"7/15/2025","7/15/2025","7/16/2025","SPY","SPDR S&P 500 ETF
CUSIP: 78462F103","Buy","0.14028","$627.30","($88.00)"
"7/14/2025","7/14/2025","7/15/2025","IBIT","iShares Bitcoin Trust ETF
CUSIP: 46438F101","Buy","0.63629","$69.15","($44.00)"
"7/14/2025","7/14/2025","7/15/2025","SPY","SPDR S&P 500 ETF
CUSIP: 78462F103","Buy","0.14149","$621.94","($88.00)"
"7/11/2025","7/11/2025","7/14/2025","IBIT","iShares Bitcoin Trust ETF
CUSIP: 46438F101","Buy","1.09338","$66.76","($73.00)"
"7/11/2025","7/11/2025","7/14/2025","SPY","SPDR S&P 500 ETF
CUSIP: 78462F103","Buy","0.11905","$621.58","($74.00)"
"7/10/2025","7/10/2025","7/11/2025","IBIT","iShares Bitcoin Trust ETF
CUSIP: 46438F101","Buy","0.15552","$63.18","($9.82)"
"7/10/2025","7/10/2025","7/11/2025","IBIT","iShares Bitcoin Trust ETF
CUSIP: 46438F101","Buy","1","$63.18","($63.18)"
"7/10/2025","7/10/2025","7/11/2025","SPY","SPDR S&P 500 ETF
CUSIP: 78462F103","Buy","0.11843","$624.84","($74.00)"
"7/9/2025","7/9/2025","7/10/2025","IBIT","iShares Bitcoin Trust ETF
CUSIP: 46438F101","Buy","0.17533","$62.11","($10.89)"
"7/9/2025","7/9/2025","7/10/2025","IBIT","iShares Bitcoin Trust ETF
CUSIP: 46438F101","Buy","1","$62.11","($62.11)"
"7/9/2025","7/9/2025","7/10/2025","IBIT","iShares Bitcoin Trust ETF
CUSIP: 46438F101","Buy","1.045","$62.12","($64.92)"
"7/9/2025","7/9/2025","7/10/2025","SPY","SPDR S&P 500 ETF
CUSIP: 78462F103","Buy","0.221","$624.19","($137.95)"
"7/9/2025","7/9/2025","7/10/2025","SPY","SPDR S&P 500 ETF
CUSIP: 78462F103","Buy","0.11854","$624.22","($73.99)"
"7/9/2025","7/9/2025","7/9/2025","","ACAT In Bonus Interest Payment","ABIP","","","$715.47"
"7/9/2025","7/9/2025","7/9/2025","SPY","SPDR S&P 500 ETF
CUSIP: 78462F103","ACATI","102","",""
"7/9/2025","7/9/2025","7/9/2025","IBIT","iShares Bitcoin Trust ETF
CUSIP: 46438F101","ACATI","122","",""
"7/9/2025","7/9/2025","7/9/2025","IBIT","iShares Bitcoin Trust ETF
CUSIP: 46438F101","ACATI","27","",""
"7/9/2025","7/9/2025","7/9/2025","","ACAT IN control_num = 20251830141889, firm_id = 0226, acct_num = X96825017","ACATI","","","$231.06"
"7/9/2025","7/9/2025","7/9/2025","IBIT","IBIT 7/18/2025 Call $63.00","ACATI","1S","",""
"7/9/2025","7/9/2025","7/9/2025","SPY","SPY 7/18/2025 Call $613.00","ACATI","1S","",""
"7/8/2025","7/8/2025","7/9/2025","IBIT","iShares Bitcoin Trust ETF
CUSIP: 46438F101","Buy","0.18161","$61.78","($11.22)"
"7/8/2025","7/8/2025","7/9/2025","IBIT","iShares Bitcoin Trust ETF
CUSIP: 46438F101","Buy","1","$61.78","($61.78)"
"7/8/2025","7/8/2025","7/9/2025","SPY","SPDR S&P 500 ETF
CUSIP: 78462F103","Buy","0.11922","$620.65","($73.99)"
"7/8/2025","7/8/2025","7/9/2025","","ACH Deposit","ACH","","","$300.00"
"7/7/2025","7/7/2025","7/8/2025","IBIT","iShares Bitcoin Trust ETF
CUSIP: 46438F101","Buy","0.90352","$61.46","($55.53)"
"7/7/2025","7/7/2025","7/8/2025","IBIT","iShares Bitcoin Trust ETF
CUSIP: 46438F101","Buy","1","$61.46","($61.47)"
"7/7/2025","7/7/2025","7/8/2025","SPY","SPDR S&P 500 ETF
CUSIP: 78462F103","Buy","0.23439","$622.88","($146.00)"
"7/7/2025","7/7/2025","7/8/2025","","ACH Deposit","ACH","","","$300.00"
"7/3/2025","7/3/2025","7/7/2025","IBIT","iShares Bitcoin Trust ETF
CUSIP: 46438F101","Buy","0.16618","$62.60","($10.40)"
"7/3/2025","7/3/2025","7/7/2025","IBIT","iShares Bitcoin Trust ETF
CUSIP: 46438F101","Buy","1","$62.60","($62.60)"
"7/3/2025","7/3/2025","7/7/2025","","ACH Deposit","ACH","","","$100.00"
"7/3/2025","7/3/2025","7/7/2025","SPY","SPDR S&P 500 ETF
CUSIP: 78462F103","Buy","0.11844","$624.79","($74.00)"
"7/2/2025","7/2/2025","7/3/2025","IBIT","iShares Bitcoin Trust ETF
CUSIP: 46438F101","Buy","0.19072","$61.31","($11.69)"
"7/2/2025","7/2/2025","7/3/2025","IBIT","iShares Bitcoin Trust ETF
CUSIP: 46438F101","Buy","1","$61.31","($61.31)"
"7/2/2025","7/2/2025","7/3/2025","SPY","SPDR S&P 500 ETF
CUSIP: 78462F103","Buy","0.1196","$618.72","($74.00)"
"7/1/2025","7/1/2025","7/2/2025","","ACH Deposit","ACH","","","$200.00"
"7/1/2025","7/1/2025","7/2/2025","IBIT","iShares Bitcoin Trust ETF
CUSIP: 46438F101","Buy","1.21697","$59.98","($73.00)"
"7/1/2025","7/1/2025","7/2/2025","SPY","SPDR S&P 500 ETF
CUSIP: 78462F103","Buy","0.12019","$615.67","($74.00)"
"6/30/2025","6/30/2025","7/1/2025","IBIT","iShares Bitcoin Trust ETF
CUSIP: 46438F101","Buy","0.06186","$60.75","($3.76)"
"6/30/2025","6/30/2025","7/1/2025","IBIT","iShares Bitcoin Trust ETF
CUSIP: 46438F101","Buy","3","$60.75","($182.24)"
"6/30/2025","6/30/2025","7/1/2025","","ACH Deposit","ACH","","","$300.00"
"6/30/2025","6/30/2025","7/1/2025","SPY","SPDR S&P 500 ETF
CUSIP: 78462F103","Buy","0.22081","$615.91","($136.00)"
"6/30/2025","6/30/2025","7/1/2025","SIRI","SiriusXM
CUSIP: 829933100","Sell","0.115715","$22.73","$2.63"
"6/30/2025","6/30/2025","7/1/2025","GME","GameStop
CUSIP: 36467W109","Sell","0.619584","$23.65","$14.65"
"6/30/2025","6/30/2025","7/1/2025","","ACH Deposit","ACH","","","$200.00"
"5/29/2025","5/29/2025","5/30/2025","SIRI","SiriusXM
CUSIP: 829933100
Dividend Reinvestment","Buy","0.001346","$22.28","($0.03)"
"5/28/2025","5/28/2025","5/28/2025","SIRI","Cash Div: R/D 2025-05-09 P/D 2025-05-28 - 0.114369 shares at 0.27","CDIV","","","$0.03"
"2/26/2025","2/26/2025","2/27/2025","SIRI","SiriusXM
CUSIP: 829933100
Dividend Reinvestment","Buy","0.001229","$24.40","($0.03)"
"2/25/2025","2/25/2025","2/25/2025","SIRI","Cash Div: R/D 2025-02-07 P/D 2025-02-25 - 0.11314 shares at 0.27","CDIV","","","$0.03"
"2/19/2025","2/19/2025","2/19/2025","SIRI","Cash Div: R/D 2024-01-04 P/D 2025-02-19 - 1.093151 shares at 0.038","CDIV","","","$0.04"
""
"","","","","","","","","","The data provided is for informational purposes only. Please consult a professional tax service or personal tax advisor if you need instructions on how to calculate cost basis or questions regarding your specific tax situation. Reminder: This data does not include Robinhood Crypto or Robinhood Spending activity."
